id;address_1;city;state;zipcode;country
1;Bike;Garland;gold Bedfordshire Berkshire;groupware;Senegal
2;Hip Freeway program;Menifee;gauntlet;Rustic;Lebanon
3;Vanuatu;South Lavadamouth;Solutions Steel content;Northeast Van Cis;Reunion
4;Concrete East;Kayceeboro;Ranch;Bicycle Customer;Ukraine
5;West;Wesley Chapel;East payment;Rufiyaa Engineer;Bulgaria
6;Wagon paradigms;Spencerfort;Fantastic pillar explicit;black infrastructures;Kazakhstan
7;digital;Julianaborough;East Toy;East Audi Diesel;Vietnam
8;South;Greenwood;BMW Pants Puerto;unleash Games female;Isle of Man
9;Androgyne up green;New Zenaburgh;Bicycle whiteboard;Heber Supervisor;Saint Martin
10;Sedan executive boo;Turcotteville;recontextualize consequently;Granite;Algeria
