id;first_name;last_name;email;phone_number;address
1;Marcel;Fadel;Bernhard.Kulas53@yahoo.com;male program;West Berkshire
2;Terrill;Robel;Peggie95@hotmail.com;yahoo bypassing eyeballs;orange override Interface
3;Sydney;Bins;Anibal_Mertz@hotmail.com;Dollar Technician back;generate concept
4;Katelynn;Lubowitz;Aliya.Cormier@yahoo.com;Plains Producer;Tricycle Northwest
5;Rosetta;Nitzsche;Macy16@yahoo.com;Technetium Soft;conglomeration Ball wall
6;Berenice;Batz;Faye_Sanford73@yahoo.com;digital Infrastructure services;hacking Technetium singe
7;Mathew;Bosco;Chelsie.Lynch@gmail.com;Ergonomic Gourde;Dynamic
8;Dakota;Swift;Judd.McLaughlin@hotmail.com;South Dodge auxiliary;Buckinghamshire Electric benchmark
9;Luigi;Hansen;Eugene.Farrell@yahoo.com;Investment Generic pantyhose;Northeast East frequent
10;Raven;Zieme;Dennis.Bode88@gmail.com;North;Royce
